id,username,email,status,created_at
2,alopez,alopez@hotmail.com,,"2025-01-01 11:44:00"
3,athompson,zturner@moss.info,,"2025-09-26 19:44:09"
4,brandonlove,carterdalton@hoffman-price.com,active,"2024-05-14 05:29:56"
5,patrick,ppatcreator@gmail.com,active,"2025-09-28 20:29:57"
6,data,jasmineobrien@carter-king.com,,"2025-04-13 09:39:57"
12,mdixon,aramirez@hardin.com,,"2023-11-11 09:50:52"
13,debraharris,adamseric@hotmail.com,,"2025-05-15 00:28:41"
14,griffithmaria,jeremy35@waller.com,,"2025-04-16 13:28:52"
15,david22,robertharris@yahoo.com,,"2025-08-13 00:13:52"
16,cookshelby,caseyregina@rose.com,,"2024-04-12 18:05:07"
17,dyerspencer,anitaskinner@briggs.com,,"2023-12-13 13:23:58"
18,huntjames,fred51@briggs.info,active,"2025-03-25 02:10:19"
19,harristeresa,eford@yahoo.com,,"2024-06-02 08:53:52"
20,lammadison,fmoss@davis.biz,active,"2024-08-08 04:31:24"
21,yatesdanielle,cuevasann@goodwin.com,active,"2025-02-23 23:17:05"
22,kbenton,nicholas21@hernandez-avila.com,active,"2024-06-08 22:22:52"
23,sarah04,hschwartz@downs.net,active,"2025-09-15 22:33:23"
24,kristinwashington,martinezdawn@gmail.com,active,"2025-07-16 20:45:56"
25,zjames,gmiranda@hotmail.com,,"2024-02-29 07:42:14"
26,william54,hectordaniel@luna.com,active,"2023-12-03 17:29:57"
27,lisalittle,harringtonkaitlyn@yahoo.com,active,"2023-11-23 06:40:27"
28,ariggs,hwilliams@dyer-lyons.com,,"2023-12-27 12:43:12"
29,kpugh,john64@anderson.com,active,"2024-12-23 20:18:31"
30,ovance,gutierrezjennifer@parsons.com,active,"2025-01-13 03:39:01"
31,aburke,bhowell@yahoo.com,,"2024-11-25 06:35:46"
32,glennmoore,hwilliamson@harris.com,active,"2025-03-04 19:54:29"
33,james42,michelle89@yahoo.com,,"2025-01-26 20:32:41"
34,ericberry,erikbest@arnold.biz,,"2024-07-27 02:42:13"
35,michael55,francesjoyce@hotmail.com,,"2024-12-01 14:29:12"
36,aaron96,rhondacooper@gmail.com,active,"2024-01-16 22:29:33"
37,smithtracy,martinezlisa@jackson-ramsey.com,,"2024-10-21 18:11:30"
38,tbuckley,wendy44@reyes.com,active,"2024-06-02 15:11:09"
39,blackwellsean,laurenjohnson@wilson-atkins.com,,"2024-09-07 12:40:15"
40,brandon67,morgan06@yahoo.com,active,"2024-04-10 16:42:53"
41,markjackson,christinalopez@coleman.com,,"2025-04-04 14:04:46"
42,lisa19,matthew22@lutz-andrews.net,active,"2023-11-18 13:19:05"
43,pmitchell,bennettvalerie@yahoo.com,active,"2024-11-03 14:38:23"
44,markpotter,susan58@gmail.com,active,"2023-11-26 04:50:37"
45,youngvictoria,melissa63@gmail.com,active,"2024-01-11 07:34:09"
46,joshua87,julie40@grant-baker.com,active,"2024-03-12 01:31:54"
47,wallacejennifer,bowenmarc@anthony.net,,"2024-01-25 08:28:16"
48,josephbernard,boydlarry@gmail.com,,"2024-07-30 10:06:59"
49,tannerbenson,lisajones@hotmail.com,active,"2024-07-14 08:34:35"
50,nsherman,francesmartinez@hotmail.com,active,"2023-10-17 09:20:20"
51,jeremiah54,ruizalicia@yahoo.com,,"2024-05-12 09:01:25"
52,maria14,joseph06@gmail.com,active,"2024-04-16 17:01:06"
53,mooremichael,rachelmiller@gmail.com,,"2025-08-24 04:28:25"
500,elizabethdaniel,richardpacheco@yahoo.com,active,"2024-05-16 03:13:44"
4001,big,big@gmail.com,not-active,"2025-10-03 18:32:12"
4002,o,o@gmail.com,not-active,"2025-10-03 18:33:18"
4003,p,p@gmail.com,not-active,"2025-10-03 18:35:08"
